,RecTime,measurementSiteReference,basicDataValue.vehicleFlow
0,2021-12-02T20:21:08,GH020A_B,14
2,2021-12-02T20:21:08,GJ3301_D,5
4,2021-12-02T20:21:08,GH020A_A,7
6,2021-12-02T20:21:08,GJ3301_C,5
8,2021-12-02T20:21:08,GJ3301_B,4
10,2021-12-02T20:21:08,GJ3301_A,14
12,2021-12-02T20:21:08,GC2381_T,0
14,2021-12-02T20:21:08,GC2381_S,0
16,2021-12-02T20:21:08,GC2381_R,0
18,2021-12-02T20:21:08,GD2701_D,0
20,2021-12-02T20:21:08,GD2701_B,15
22,2021-12-02T20:21:08,GD2701_A,18
24,2021-12-02T20:21:08,GF0301_D,0
26,2021-12-02T20:21:08,GF0301_C,0
28,2021-12-02T20:21:08,GJ275A_V,18
30,2021-12-02T20:21:08,GF0301_B,0
32,2021-12-02T20:21:08,GC4151_E,11
34,2021-12-02T20:21:08,GC4151_C,4
36,2021-12-02T20:21:08,GC4151_A,0
38,2021-12-02T20:21:08,GH195A_B,0
40,2021-12-02T20:21:08,GH195A_A,0
42,2021-12-02T20:21:08,GB0501_D,43
44,2021-12-02T20:21:08,GB0501_A,4
46,2021-12-02T20:21:08,GA2801_G,0
48,2021-12-02T20:21:08,GG1101_T,0
50,2021-12-02T20:21:08,GG1101_S,0
52,2021-12-02T20:21:08,GG1101_R,0
54,2021-12-02T20:21:08,GA2801_B,0
56,2021-12-02T20:21:08,GA2801_A,0
58,2021-12-02T20:21:08,GH3301_D,7
60,2021-12-02T20:21:08,GH3301_B,7
62,2021-12-02T20:21:08,GH3301_A,16
64,2021-12-02T20:21:08,GC1301_V,2
66,2021-12-02T20:21:08,GC1301_T,9
68,2021-12-02T20:21:08,GC1301_S,9
70,2021-12-02T20:21:08,GC1301_R,9
72,2021-12-02T20:21:08,GG012A_S,0
74,2021-12-02T20:21:08,GG012A_R,0
76,2021-12-02T20:21:08,GH1001_E,7
78,2021-12-02T20:21:08,GH1001_D,3
80,2021-12-02T20:21:08,GH1001_C,3
82,2021-12-02T20:21:08,GH1001_B,4
84,2021-12-02T20:21:08,GH1001_A,8
86,2021-12-02T20:21:08,GK0351_V,82
88,2021-12-02T20:21:08,GK0351_T,35
90,2021-12-02T20:21:08,GK0351_R,14
92,2021-12-02T20:21:08,GB1301_X,0
94,2021-12-02T20:21:08,GB1301_V,9
96,2021-12-02T20:21:08,GH002A_S,22
98,2021-12-02T20:21:08,GB1301_T,22
100,2021-12-02T20:21:08,GH002A_R,22
102,2021-12-02T20:21:08,GB1301_R,0
104,2021-12-02T20:21:08,GJ3551_W,0
106,2021-12-02T20:21:08,GJ3551_V,0
108,2021-12-02T20:21:08,GJ3551_T,0
110,2021-12-02T20:21:08,GC0321_F,7
112,2021-12-02T20:21:08,GC0321_D,0
114,2021-12-02T20:21:08,GC0321_B,7
116,2021-12-02T20:21:08,GC0321_A,4
118,2021-12-02T20:21:08,GA1301_P,0
120,2021-12-02T20:21:08,GL1151_D,0
122,2021-12-02T20:21:08,GA1301_G,4
124,2021-12-02T20:21:08,GL1151_C,0
126,2021-12-02T20:21:08,GD200A_S,14
128,2021-12-02T20:21:08,GL1151_B,0
130,2021-12-02T20:21:08,GD200A_R,27
132,2021-12-02T20:21:08,GL1151_A,0
134,2021-12-02T20:21:08,GA1301_A,12
136,2021-12-02T20:21:08,GD0651_S,30
138,2021-12-02T20:21:08,GD0651_R,16
140,2021-12-02T20:21:08,GH312A_D,14
142,2021-12-02T20:21:08,GB0751_V,22
144,2021-12-02T20:21:08,GB0751_T,44
146,2021-12-02T20:21:08,GB0751_S,17
148,2021-12-02T20:21:08,GA4401_Y,6
150,2021-12-02T20:21:08,GA4401_N,16
152,2021-12-02T20:21:08,GJ290A_M,18
154,2021-12-02T20:21:08,GA4401_M,14
156,2021-12-02T20:21:08,GL2801_S,0
158,2021-12-02T20:21:08,GL2801_R,0
160,2021-12-02T20:21:08,GC155A_A,13
162,2021-12-02T20:21:08,GG267A_B,13
164,2021-12-02T20:21:08,GG267A_A,16
166,2021-12-02T20:21:08,GA2101_C,0
168,2021-12-02T20:21:08,GA2101_A,0
170,2021-12-02T20:21:08,GK5141_R,0
172,2021-12-02T20:21:08,GB1551_T,0
174,2021-12-02T20:21:08,GL1821_V,9
176,2021-12-02T20:21:08,GB1551_S,0
178,2021-12-02T20:21:08,GD1451_F,5
180,2021-12-02T20:21:08,GL1821_S,31
182,2021-12-02T20:21:08,GL1821_R,16
184,2021-12-02T20:21:08,GD1451_D,25
186,2021-12-02T20:21:08,GI0601_W,0
188,2021-12-02T20:21:08,GI0601_V,0
190,2021-12-02T20:21:08,GG2151_V,0
192,2021-12-02T20:21:08,GI0601_T,0
194,2021-12-02T20:21:08,GG2151_T,0
196,2021-12-02T20:21:08,GG2151_S,16
198,2021-12-02T20:21:08,GI0601_R,0
200,2021-12-02T20:21:08,GG2151_R,16
202,2021-12-02T20:21:08,GK0501_D,10
204,2021-12-02T20:21:08,GK0501_C,15
206,2021-12-02T20:21:08,GK0501_B,7
208,2021-12-02T20:21:08,GK0501_A,15
210,2021-12-02T20:21:08,GF215A_V,0
212,2021-12-02T20:21:08,GA5201_D,19
214,2021-12-02T20:21:08,GF215A_T,13
216,2021-12-02T20:21:08,GA5201_B,9
218,2021-12-02T20:21:08,GA5201_A,13
220,2021-12-02T20:21:08,GB0141_V,16
222,2021-12-02T20:21:08,GB0141_U,8
224,2021-12-02T20:21:08,GA1551_J,0
226,2021-12-02T20:21:08,GG2581_F,0
228,2021-12-02T20:21:08,GG2581_C,13
230,2021-12-02T20:21:08,GG2581_B,4
232,2021-12-02T20:21:08,GL1301_T,14
234,2021-12-02T20:21:08,GG2581_A,26
236,2021-12-02T20:21:08,GL1301_S,3
238,2021-12-02T20:21:08,GL1301_R,117
240,2021-12-02T20:21:08,GD2251_S,23
242,2021-12-02T20:21:08,GH337A_B,17
244,2021-12-02T20:21:08,GD2251_R,29
246,2021-12-02T20:21:08,GL2621_T,0
248,2021-12-02T20:21:08,GC0051_G,6
250,2021-12-02T20:21:08,GA4651_V,0
252,2021-12-02T20:21:08,GC0051_F,2
254,2021-12-02T20:21:08,GC0051_E,18
256,2021-12-02T20:21:08,GA4651_T,0
258,2021-12-02T20:21:08,GC0051_D,7
260,2021-12-02T20:21:08,GA0571_V,9
262,2021-12-02T20:21:08,GA4651_S,0
264,2021-12-02T20:21:08,GA4651_R,0
266,2021-12-02T20:21:08,GA0571_N,27
268,2021-12-02T20:21:08,GD0801_C,9
270,2021-12-02T20:21:08,GD0801_A,35
272,2021-12-02T20:21:08,GB0051_W,0
274,2021-12-02T20:21:08,GB0051_V,0
276,2021-12-02T20:21:08,GB0051_P,0
278,2021-12-02T20:21:08,GA2351_X,5
280,2021-12-02T20:21:08,GA2351_T,31
282,2021-12-02T20:21:08,GA2351_R,17
284,2021-12-02T20:21:08,GB1371_V,0
286,2021-12-02T20:21:08,GB1371_T,2
288,2021-12-02T20:21:08,GB1371_S,12
290,2021-12-02T20:21:08,GK075A_V,8
292,2021-12-02T20:21:08,GB1371_R,20
294,2021-12-02T20:21:08,GK075A_T,17
296,2021-12-02T20:21:08,GC1701_B,15
298,2021-12-02T20:21:08,GC1701_A,25
300,2021-12-02T20:21:08,GD3051_E,13
302,2021-12-02T20:21:08,GD3051_D,21
304,2021-12-02T20:21:08,GA5451_X,13
306,2021-12-02T20:21:08,GD3051_C,8
308,2021-12-02T20:21:08,GA5451_W,18
310,2021-12-02T20:21:08,GD3051_B,10
312,2021-12-02T20:21:08,GA5451_V,18
314,2021-12-02T20:21:08,GD3051_A,0
316,2021-12-02T20:21:08,GA5451_T,9
318,2021-12-02T20:21:08,GA1371_V,4
320,2021-12-02T20:21:08,GA5451_S,15
322,2021-12-02T20:21:08,GA5451_R,4
324,2021-12-02T20:21:08,GA1371_R,18
326,2021-12-02T20:21:08,GD207A_S,4
328,2021-12-02T20:21:08,GD207A_R,0
330,2021-12-02T20:21:08,GG230A_B,31
332,2021-12-02T20:21:08,GG230A_A,27
334,2021-12-02T20:21:08,GG0951_D,13
336,2021-12-02T20:21:08,GG0951_C,17
338,2021-12-02T20:21:08,GG0951_B,7
340,2021-12-02T20:21:08,GG0951_A,9
342,2021-12-02T20:21:08,GH4501_G,0
344,2021-12-02T20:21:08,GB1281_L,29
346,2021-12-02T20:21:08,GH2201_V,8
348,2021-12-02T20:21:08,GH2201_T,10
350,2021-12-02T20:21:08,GH2201_S,7
352,2021-12-02T20:21:08,GH2201_R,9
354,2021-12-02T20:21:08,GE0101_D,0
356,2021-12-02T20:21:08,GE0101_C,13
358,2021-12-02T20:21:08,GE0101_B,7
360,2021-12-02T20:21:08,GE0101_A,16
362,2021-12-02T20:21:08,GC0201_G,11
364,2021-12-02T20:21:08,GC0201_D,5
366,2021-12-02T20:21:08,GC0201_C,3
368,2021-12-02T20:21:08,GC152A_D,0
370,2021-12-02T20:21:08,GC152A_C,0
372,2021-12-02T20:21:08,GE1851_W,0
374,2021-12-02T20:21:08,GE1851_V,0
376,2021-12-02T20:21:08,GE1851_T,0
378,2021-12-02T20:21:08,GA4801_D,4
380,2021-12-02T20:21:08,GE1851_S,0
382,2021-12-02T20:21:08,GA4801_C,9
384,2021-12-02T20:21:08,GA4801_B,13
386,2021-12-02T20:21:08,GA4801_A,16
388,2021-12-02T20:21:08,GG1751_C,9
390,2021-12-02T20:21:08,GG1751_B,4
392,2021-12-02T20:21:08,GD0101_D,3
394,2021-12-02T20:21:08,GD0101_B,14
396,2021-12-02T20:21:08,GD0101_A,28
398,2021-12-02T20:21:08,GC2411_P,0
400,2021-12-02T20:21:08,GC2411_N,0
402,2021-12-02T20:21:08,GC2411_M,0
404,2021-12-02T20:21:08,GA2501_D,0
406,2021-12-02T20:21:08,GL0051_X,4
408,2021-12-02T20:21:08,GL0051_T,10
410,2021-12-02T20:21:08,GL0051_S,4
412,2021-12-02T20:21:08,GL0051_R,13
414,2021-12-02T20:21:08,GA0201_T,0
416,2021-12-02T20:21:08,GA0201_S,0
418,2021-12-02T20:21:08,GJ0151_H,13
420,2021-12-02T20:21:08,GE222A_B,4
422,2021-12-02T20:21:08,GE222A_A,21
424,2021-12-02T20:21:08,GJ0151_D,32
426,2021-12-02T20:21:08,GJ0151_C,9
428,2021-12-02T20:21:08,GJ0151_B,21
430,2021-12-02T20:21:08,GJ0151_A,12
432,2021-12-02T20:21:08,GA5601_P,35
434,2021-12-02T20:21:08,GA5601_N,16
436,2021-12-02T20:21:08,GA5601_M,31
438,2021-12-02T20:21:08,GK0901_D,6
440,2021-12-02T20:21:08,GK0901_C,13
442,2021-12-02T20:21:08,GK0901_B,10
444,2021-12-02T20:21:08,GK0901_A,11
446,2021-12-02T20:21:08,GA1951_V,38
448,2021-12-02T20:21:08,GA1951_R,15
450,2021-12-02T20:21:08,GK0051_C,12
452,2021-12-02T20:21:08,GK0051_B,0
454,2021-12-02T20:21:08,GK0051_A,4
456,2021-12-02T20:21:08,GG0251_Y,0
458,2021-12-02T20:21:08,GA3301_S,0
460,2021-12-02T20:21:08,GE0351_T,20
462,2021-12-02T20:21:08,GE0351_S,7
464,2021-12-02T20:21:08,GE0351_R,10
466,2021-12-02T20:21:08,GG0251_C,10
468,2021-12-02T20:21:08,GG0251_A,32
470,2021-12-02T20:21:08,GD2651_T,16
472,2021-12-02T20:21:08,GD2651_S,22
474,2021-12-02T20:21:08,GL1701_E,8
476,2021-12-02T20:21:08,GH0151_V,10
478,2021-12-02T20:21:08,GD2651_R,0
480,2021-12-02T20:21:08,GL1701_C,5
482,2021-12-02T20:21:08,GL1701_B,14
484,2021-12-02T20:21:08,GH0151_T,9
486,2021-12-02T20:21:08,GH0151_S,9
488,2021-12-02T20:21:08,GL1701_A,14
490,2021-12-02T20:21:08,GH0151_R,13
492,2021-12-02T20:21:08,GF0251_T,0
494,2021-12-02T20:21:08,GF0251_R,0
496,2021-12-02T20:21:08,GD0351_G,15
498,2021-12-02T20:21:08,GD0351_D,28
500,2021-12-02T20:21:08,GD0351_C,21
502,2021-12-02T20:21:08,GD0351_B,8
504,2021-12-02T20:21:08,GD0351_A,17
506,2021-12-02T20:21:08,GA2751_T,0
508,2021-12-02T20:21:08,GB0451_G,0
510,2021-12-02T20:21:08,GB0451_F,0
512,2021-12-02T20:21:08,GH3251_W,4
514,2021-12-02T20:21:08,GH3251_V,4
516,2021-12-02T20:21:08,GH3251_T,10
518,2021-12-02T20:21:08,GB0451_B,0
520,2021-12-02T20:21:08,GH3251_S,7
522,2021-12-02T20:21:08,GH3251_R,3
524,2021-12-02T20:21:08,GA4101_G,0
526,2021-12-02T20:21:08,GA4101_C,0
528,2021-12-02T20:21:08,GA4101_B,0
530,2021-12-02T20:21:08,GC125A_F,18
532,2021-12-02T20:21:08,GC125A_E,14
534,2021-12-02T20:21:08,GC168A_S,34
536,2021-12-02T20:21:08,GJ2601_S,20
538,2021-12-02T20:21:08,GC168A_R,24
540,2021-12-02T20:21:08,GJ2601_P,8
542,2021-12-02T20:21:08,GJ0301_V,22
544,2021-12-02T20:21:08,GJ0301_T,33
546,2021-12-02T20:21:08,GJ0301_S,10
548,2021-12-02T20:21:08,GJ0301_R,7
550,2021-12-02T20:21:08,GD1151_S,18
552,2021-12-02T20:21:08,GD1151_R,12
554,2021-12-02T20:21:08,GK020A_D,25
556,2021-12-02T20:21:08,GK020A_C,2
558,2021-12-02T20:21:08,GI0301_V,6
560,2021-12-02T20:21:08,GG2701_D,4
562,2021-12-02T20:21:08,GI0301_T,12
564,2021-12-02T20:21:08,GI0301_S,6
566,2021-12-02T20:21:08,GG2701_B,13
568,2021-12-02T20:21:08,GG2701_A,13
570,2021-12-02T20:21:08,GG0401_V,5
572,2021-12-02T20:21:08,GL1951_D,7
574,2021-12-02T20:21:08,GG0401_T,14
576,2021-12-02T20:21:08,GA1251_V,0
578,2021-12-02T20:21:08,GG0401_S,4
580,2021-12-02T20:21:08,GL1951_A,5
582,2021-12-02T20:21:08,GC0271_D,4
584,2021-12-02T20:21:08,GA1251_T,0
586,2021-12-02T20:21:08,GC0271_C,0
588,2021-12-02T20:21:08,GA1251_S,0
590,2021-12-02T20:21:08,GC0271_B,2
592,2021-12-02T20:21:08,GA1251_R,0
594,2021-12-02T20:21:08,GC0271_A,5
596,2021-12-02T20:21:08,GA4871_H,6
598,2021-12-02T20:21:08,GA4871_D,12
600,2021-12-02T20:21:08,GA4871_A,51
602,2021-12-02T20:21:08,GH0301_D,8
604,2021-12-02T20:21:08,GH0301_C,6
606,2021-12-02T20:21:08,GH0301_B,13
608,2021-12-02T20:21:08,GH0301_A,20
610,2021-12-02T20:21:08,GH340A_V,4
612,2021-12-02T20:21:08,GA4351_T,14
614,2021-12-02T20:21:08,GA4351_S,21
616,2021-12-02T20:21:08,GH340A_T,7
618,2021-12-02T20:21:08,GD0501_H,0
620,2021-12-02T20:21:08,GD0501_D,8
622,2021-12-02T20:21:08,GD0501_C,16
624,2021-12-02T20:21:08,GD0501_B,14
626,2021-12-02T20:21:08,GL4101_T,27
628,2021-12-02T20:21:08,GB0601_D,18
630,2021-12-02T20:21:08,GB0601_C,13
632,2021-12-02T20:21:08,GB0601_B,8
634,2021-12-02T20:21:08,GJ2851_R,13
636,2021-12-02T20:21:08,GE2291_W,0
638,2021-12-02T20:21:08,GA2051_V,0
640,2021-12-02T20:21:08,GE2291_V,0
642,2021-12-02T20:21:08,GA2901_D,0
644,2021-12-02T20:21:08,GA2901_C,0
646,2021-12-02T20:21:08,GE2291_S,0
648,2021-12-02T20:21:08,GA2901_B,0
650,2021-12-02T20:21:08,GE2291_R,0
652,2021-12-02T20:21:08,GA2051_R,0
654,2021-12-02T20:21:08,GJ2851_D,13
656,2021-12-02T20:21:08,GA0601_V,9
658,2021-12-02T20:21:08,GJ2851_C,36
660,2021-12-02T20:21:08,GA0601_T,1
662,2021-12-02T20:21:08,GG1201_B,20
664,2021-12-02T20:21:08,GG1201_A,5
666,2021-12-02T20:21:08,GK045A_V,2
668,2021-12-02T20:21:08,GK045A_T,24
670,2021-12-02T20:21:08,GL0451_D,9
672,2021-12-02T20:21:08,GL0451_C,2
674,2021-12-02T20:21:08,GL0451_B,22
676,2021-12-02T20:21:08,GL0451_A,13
678,2021-12-02T20:21:08,GC1401_H,20
680,2021-12-02T20:21:08,GC1401_G,9
682,2021-12-02T20:21:08,GC1401_F,4
684,2021-12-02T20:21:08,GC1401_E,18
686,2021-12-02T20:21:08,GG2951_V,9
688,2021-12-02T20:21:08,GG2951_T,6
690,2021-12-02T20:21:08,GG2951_S,16
692,2021-12-02T20:21:08,GG2951_R,5
694,2021-12-02T20:21:08,GA5151_V,34
696,2021-12-02T20:21:08,GA5151_T,13
698,2021-12-02T20:21:08,GA5151_R,9
700,2021-12-02T20:21:08,GA5151_P,14
702,2021-12-02T20:21:08,GL3551_T,31
704,2021-12-02T20:21:08,GE032A_B,19
706,2021-12-02T20:21:08,GL3551_S,37
708,2021-12-02T20:21:08,GE032A_A,20
710,2021-12-02T20:21:08,GL3551_R,28
712,2021-12-02T20:21:08,GI0551_H,0
714,2021-12-02T20:21:08,GI0551_F,0
716,2021-12-02T20:21:08,GI0551_C,0
718,2021-12-02T20:21:08,GI0551_A,0
720,2021-12-02T20:21:08,GG2001_V,0
722,2021-12-02T20:21:08,GG2001_S,10
724,2021-12-02T20:21:08,GG2001_R,9
726,2021-12-02T20:21:08,GL1251_Y,0
728,2021-12-02T20:21:08,GJ3651_G,0
730,2021-12-02T20:21:08,GJ3651_E,0
732,2021-12-02T20:21:08,GJ3651_D,0
734,2021-12-02T20:21:08,GJ3651_C,0
736,2021-12-02T20:21:08,GJ3651_B,0
738,2021-12-02T20:21:08,GA1401_T,0
740,2021-12-02T20:21:08,GA1401_R,0
742,2021-12-02T20:21:08,GL1251_D,10
744,2021-12-02T20:21:08,GA183A_A,0
746,2021-12-02T20:21:08,GL1251_C,39
748,2021-12-02T20:21:08,GL1251_B,8
750,2021-12-02T20:21:08,GL1251_A,0
752,2021-12-02T20:21:08,GD210A_B,0
754,2021-12-02T20:21:08,GD210A_A,13
756,2021-12-02T20:21:08,GA4501_V,14
758,2021-12-02T20:21:08,GA4501_T,8
760,2021-12-02T20:21:08,GA4501_S,13
762,2021-12-02T20:21:08,GA4501_R,4
764,2021-12-02T20:21:08,GA2201_C,0
766,2021-12-02T20:21:08,GH2671_S,11
768,2021-12-02T20:21:08,GH2671_R,18
770,2021-12-02T20:21:08,GG225A_S,15
772,2021-12-02T20:21:08,GG225A_R,0
774,2021-12-02T20:21:08,GG268A_S,10
776,2021-12-02T20:21:08,GG268A_R,14
778,2021-12-02T20:21:08,GA5301_E,16
780,2021-12-02T20:21:08,GA5301_D,19
782,2021-12-02T20:21:08,GA5301_C,34
784,2021-12-02T20:21:08,GA1651_T,21
786,2021-12-02T20:21:08,GA5301_B,8
788,2021-12-02T20:21:08,GA1651_S,40
790,2021-12-02T20:21:08,GF2251_X,11
792,2021-12-02T20:21:08,GL1401_V,9
794,2021-12-02T20:21:08,GF2251_V,8
796,2021-12-02T20:21:08,GF2251_T,2
798,2021-12-02T20:21:08,GL1401_R,28
800,2021-12-02T20:21:08,GF2251_S,15
802,2021-12-02T20:21:08,GF2251_R,5
804,2021-12-02T20:21:08,GF2251_P,8
806,2021-12-02T20:21:08,GH2151_D,9
808,2021-12-02T20:21:08,GH2151_C,9
810,2021-12-02T20:21:08,GH2151_B,8
812,2021-12-02T20:21:08,GJ019A_T,32
814,2021-12-02T20:21:08,GH2151_A,19
816,2021-12-02T20:21:08,GD138B_P,31
818,2021-12-02T20:21:08,GJ282A_V,15
820,2021-12-02T20:21:08,GJ282A_T,11
822,2021-12-02T20:21:08,GD005A_S,14
824,2021-12-02T20:21:08,GD005A_R,25
826,2021-12-02T20:21:08,GC0151_E,18
828,2021-12-02T20:21:08,GC0151_B,16
830,2021-12-02T20:21:08,GC0151_A,18
832,2021-12-02T20:21:08,GA4751_D,10
834,2021-12-02T20:21:08,GA4751_C,9
836,2021-12-02T20:21:08,GA4751_B,16
838,2021-12-02T20:21:08,GG1601_T,4
840,2021-12-02T20:21:08,GG1601_S,9
842,2021-12-02T20:21:08,GA2451_T,26
844,2021-12-02T20:21:08,GB0151_G,7
846,2021-12-02T20:21:08,GB0151_F,4
848,2021-12-02T20:21:08,GB0151_E,16
850,2021-12-02T20:21:08,GB0151_C,14
852,2021-12-02T20:21:08,GB0151_B,25
854,2021-12-02T20:21:08,GC180A_B,28
856,2021-12-02T20:21:08,GC180A_A,9
858,2021-12-02T20:21:08,GA0151_Z,0
860,2021-12-02T20:21:08,GA0151_V,0
862,2021-12-02T20:21:08,GJ2301_V,0
864,2021-12-02T20:21:08,GJ2301_T,0
866,2021-12-02T20:21:08,GJ2301_S,0
868,2021-12-02T20:21:08,GA058A_C,9
870,2021-12-02T20:21:08,GK0851_Z,0
872,2021-12-02T20:21:08,GA058A_B,18
874,2021-12-02T20:21:08,GK0851_X,0
876,2021-12-02T20:21:08,GK0851_V,11
878,2021-12-02T20:21:08,GA0151_D,14
880,2021-12-02T20:21:08,GA0151_C,41
882,2021-12-02T20:21:08,GK4501_B,20
884,2021-12-02T20:21:08,GK0851_S,4
886,2021-12-02T20:21:08,GK4501_A,10
888,2021-12-02T20:21:08,GK0851_R,17
890,2021-12-02T20:21:08,GA0151_A,8
892,2021-12-02T20:21:08,GA5551_D,9
894,2021-12-02T20:21:08,GG240A_B,13
896,2021-12-02T20:21:08,GG240A_A,14
898,2021-12-02T20:21:08,GD217A_B,22
900,2021-12-02T20:21:08,GD217A_A,22
902,2021-12-02T20:21:08,GH4601_H,0
904,2021-12-02T20:21:08,GH4601_F,0
906,2021-12-02T20:21:08,GA3251_A,0
908,2021-12-02T20:21:08,GJ3101_T,15
910,2021-12-02T20:21:08,GJ3101_S,4
912,2021-12-02T20:21:08,GJ3101_R,4
914,2021-12-02T20:21:08,GL3001_D,6
916,2021-12-02T20:21:08,GC0301_T,24
918,2021-12-02T20:21:08,GC0301_S,7
920,2021-12-02T20:21:08,GC0301_R,0
922,2021-12-02T20:21:08,GA4901_V,6
924,2021-12-02T20:21:08,GA4901_S,15
926,2021-12-02T20:21:08,GA4901_R,21
928,2021-12-02T20:21:08,GD0201_V,8
930,2021-12-02T20:21:08,GD0201_S,21
932,2021-12-02T20:21:08,GD0201_R,30
934,2021-12-02T20:21:08,GC1621_F,14
936,2021-12-02T20:21:08,GC1621_B,12
938,2021-12-02T20:21:08,GC1621_A,9
940,2021-12-02T20:21:08,GB0301_D,3
942,2021-12-02T20:21:08,GH3101_V,6
944,2021-12-02T20:21:08,GH3101_T,15
946,2021-12-02T20:21:08,GJ2551_S,0
948,2021-12-02T20:21:08,GB0301_A,33
950,2021-12-02T20:21:08,GH3101_S,3
952,2021-12-02T20:21:08,GJ2551_R,0
954,2021-12-02T20:21:08,GH3101_R,1
956,2021-12-02T20:21:08,GA2601_D,0
958,2021-12-02T20:21:08,GA2601_A,0
960,2021-12-02T20:21:08,GA0301_X,0
962,2021-12-02T20:21:08,GA0301_W,0
964,2021-12-02T20:21:08,GA0301_T,0
966,2021-12-02T20:21:08,GA5371_F,9
968,2021-12-02T20:21:08,GA0301_R,0
970,2021-12-02T20:21:08,GA5371_D,13
972,2021-12-02T20:21:08,GA0301_P,0
974,2021-12-02T20:21:08,GA5371_C,43
976,2021-12-02T20:21:08,GJ025A_C,25
978,2021-12-02T20:21:08,GA5371_A,7
980,2021-12-02T20:21:08,GK015A_T,23
982,2021-12-02T20:21:08,GC242A_S,0
984,2021-12-02T20:21:08,GC242A_R,0
986,2021-12-02T20:21:08,GA5701_V,0
988,2021-12-02T20:21:08,GA5701_S,0
990,2021-12-02T20:21:08,GA5701_R,0
992,2021-12-02T20:21:08,GD1001_T,32
994,2021-12-02T20:21:08,GD1001_S,17
996,2021-12-02T20:21:08,GD1001_R,9
998,2021-12-02T20:21:08,GG0351_Z,0
1000,2021-12-02T20:21:08,GC012A_M,0
1002,2021-12-02T20:21:08,GI0251_D,16
1004,2021-12-02T20:21:08,GJ3351_V,6
1006,2021-12-02T20:21:08,GH025A_S,12
1008,2021-12-02T20:21:08,GH025A_R,0
1010,2021-12-02T20:21:08,GI0251_B,10
1012,2021-12-02T20:21:08,GB1101_C,5
1014,2021-12-02T20:21:08,GJ3351_T,11
1016,2021-12-02T20:21:08,GB1101_B,5
1018,2021-12-02T20:21:08,GJ3351_S,5
1020,2021-12-02T20:21:08,GB1101_A,14
1022,2021-12-02T20:21:08,GJ3351_R,15
1024,2021-12-02T20:21:08,GD0971_D,20
1026,2021-12-02T20:21:08,GD0971_C,10
1028,2021-12-02T20:21:08,GD0971_B,12
1030,2021-12-02T20:21:08,GG0351_H,0
1032,2021-12-02T20:21:08,GG0351_D,18
1034,2021-12-02T20:21:08,GG0351_B,16
1036,2021-12-02T20:21:08,GA4721_V,9
1038,2021-12-02T20:21:08,GJ0161_Q,13
1040,2021-12-02T20:21:08,GJ0161_P,11
1042,2021-12-02T20:21:08,GA4721_T,12
1044,2021-12-02T20:21:08,GA4721_S,4
1046,2021-12-02T20:21:08,GJ0161_N,6
1048,2021-12-02T20:21:08,GJ0161_M,29
1050,2021-12-02T20:21:08,GJ0161_L,4
1052,2021-12-02T20:21:08,GI1571_D,5
1054,2021-12-02T20:21:08,GI1571_C,7
1056,2021-12-02T20:21:08,GI1571_A,31
1058,2021-12-02T20:21:08,GD0451_V,3
1060,2021-12-02T20:21:08,GD0451_T,16
1062,2021-12-02T20:21:08,GD0451_S,17
1064,2021-12-02T20:21:08,GD0451_R,15
1066,2021-12-02T20:21:08,GA2421_W,24
1068,2021-12-02T20:21:08,GH335A_S,17
1070,2021-12-02T20:21:08,GH335A_R,12
1072,2021-12-02T20:21:08,GB0551_T,0
1074,2021-12-02T20:21:08,GB0121_D,11
1076,2021-12-02T20:21:08,GC4101_Y,9
1078,2021-12-02T20:21:08,GB0121_B,65
1080,2021-12-02T20:21:08,GC4101_V,12
1082,2021-12-02T20:21:08,GC2331_D,4
1084,2021-12-02T20:21:08,GC2331_C,9
1086,2021-12-02T20:21:08,GC2331_B,13
1088,2021-12-02T20:21:08,GC4101_S,8
1090,2021-12-02T20:21:08,GC2331_A,13
1092,2021-12-02T20:21:08,GJ0071_T,47
1094,2021-12-02T20:21:08,GJ0071_R,13
1096,2021-12-02T20:21:08,GJ2701_X,0
1098,2021-12-02T20:21:08,GJ0071_N,16
1100,2021-12-02T20:21:08,GJ2701_T,11
1102,2021-12-02T20:21:08,GJ2701_S,9
1104,2021-12-02T20:21:08,GH1051_E,14
1106,2021-12-02T20:21:08,GC1351_D,1
1108,2021-12-02T20:21:08,GH1051_D,2
1110,2021-12-02T20:21:08,GC1351_C,1
1112,2021-12-02T20:21:08,GH1051_C,4
1114,2021-12-02T20:21:08,GC1351_B,15
1116,2021-12-02T20:21:08,GH1051_B,16
1118,2021-12-02T20:21:08,GC1351_A,18
1120,2021-12-02T20:21:08,GH1051_A,7
1122,2021-12-02T20:21:08,GG280A_S,9
1124,2021-12-02T20:21:08,GG280A_R,7
1126,2021-12-02T20:21:08,GG0171_T,18
1128,2021-12-02T20:21:08,GG0171_S,16
1130,2021-12-02T20:21:08,GG0171_R,20
1132,2021-12-02T20:21:08,GA3221_D,18
1134,2021-12-02T20:21:08,GA3221_B,18
1136,2021-12-02T20:21:08,GB1351_F,0
1138,2021-12-02T20:21:08,GB1351_D,13
1140,2021-12-02T20:21:08,GB1351_C,11
1142,2021-12-02T20:21:08,GB1351_B,8
1144,2021-12-02T20:21:08,GB1351_A,11
1146,2021-12-02T20:21:08,GI0401_S,24
1148,2021-12-02T20:21:08,GI0401_R,22
1150,2021-12-02T20:21:08,GE0271_D,8
1152,2021-12-02T20:21:08,GE0271_C,27
1154,2021-12-02T20:21:08,GK0301_D,22
1156,2021-12-02T20:21:08,GE0271_A,25
1158,2021-12-02T20:21:08,GK0301_C,21
1160,2021-12-02T20:21:08,GK0301_B,27
1162,2021-12-02T20:21:08,GG050A_D,9
1164,2021-12-02T20:21:08,GG050A_C,3
1166,2021-12-02T20:21:08,GA4971_T,22
1168,2021-12-02T20:21:08,GA4971_S,11
1170,2021-12-02T20:21:08,GA4971_R,11
1172,2021-12-02T20:21:08,GH2701_G,0
1174,2021-12-02T20:21:08,GH2701_E,0
1176,2021-12-02T20:21:08,GH2701_D,0
1178,2021-12-02T20:21:08,GL1101_V,0
1180,2021-12-02T20:21:08,GL1101_T,0
1182,2021-12-02T20:21:08,GH0401_V,9
1184,2021-12-02T20:21:08,GL1101_S,0
1186,2021-12-02T20:21:08,GH0401_T,10
1188,2021-12-02T20:21:08,GH0401_S,4
1190,2021-12-02T20:21:08,GC2151_F,13
1192,2021-12-02T20:21:08,GC2151_E,14
1194,2021-12-02T20:21:08,GC2151_D,4
1196,2021-12-02T20:21:08,GC2151_B,19
1198,2021-12-02T20:21:08,GC2151_A,16
1200,2021-12-02T20:21:08,GD205A_B,17
1202,2021-12-02T20:21:08,GD205A_A,11
1204,2021-12-02T20:21:08,GH3171_G,4
1206,2021-12-02T20:21:08,GH3171_D,14
1208,2021-12-02T20:21:08,GH3171_C,8
1210,2021-12-02T20:21:08,GJ252A_C,0
1212,2021-12-02T20:21:08,GL285A_D,0
1214,2021-12-02T20:21:08,GD0601_D,6
1216,2021-12-02T20:21:08,GD0601_B,20
1218,2021-12-02T20:21:08,GD0601_A,14
1220,2021-12-02T20:21:08,GA4451_D,17
1222,2021-12-02T20:21:08,GA4451_C,15
1224,2021-12-02T20:21:08,GA4451_A,18
1226,2021-12-02T20:21:08,GA070A_S,35
1228,2021-12-02T20:21:08,GB0701_D,35
1230,2021-12-02T20:21:08,GB0701_C,19
1232,2021-12-02T20:21:08,GB0701_B,0
1234,2021-12-02T20:21:08,GA2151_V,0
1236,2021-12-02T20:21:08,GA2151_S,0
1238,2021-12-02T20:21:08,GL0551_D,7
1240,2021-12-02T20:21:08,GL0551_B,14
1242,2021-12-02T20:21:08,GL0551_A,19
1244,2021-12-02T20:21:08,GK0551_W,4
1246,2021-12-02T20:21:08,GG2621_D,12
1248,2021-12-02T20:21:08,GK0551_V,44
1250,2021-12-02T20:21:08,GG2621_C,10
1252,2021-12-02T20:21:08,GG2621_B,8
1254,2021-12-02T20:21:08,GG2621_A,6
1256,2021-12-02T20:21:08,GK0551_T,26
1258,2021-12-02T20:21:08,GK0551_R,0
1260,2021-12-02T20:21:08,GA5251_V,26
1262,2021-12-02T20:21:08,GD1401_N,10
1264,2021-12-02T20:21:08,GA5251_T,24
1266,2021-12-02T20:21:08,GA5251_S,4
1268,2021-12-02T20:21:08,GA5251_R,6
1270,2021-12-02T20:21:08,GC095A_V,0
1272,2021-12-02T20:21:08,GI0651_G,0
1274,2021-12-02T20:21:08,GC095A_T,0
1276,2021-12-02T20:21:08,GI0651_D,0
1278,2021-12-02T20:21:08,GI0651_C,0
1280,2021-12-02T20:21:08,GI0651_B,0
1282,2021-12-02T20:21:08,GD2721_S,13
1284,2021-12-02T20:21:08,GD2721_R,0
1286,2021-12-02T20:21:08,GG210A_B,0
1288,2021-12-02T20:21:08,GG210A_A,0
1290,2021-12-02T20:21:08,GJ0131_M,16
1292,2021-12-02T20:21:08,GJ3751_D,0
1294,2021-12-02T20:21:08,GJ0131_D,17
1296,2021-12-02T20:21:08,GJ3751_C,0
1298,2021-12-02T20:21:08,GJ0131_C,29
1300,2021-12-02T20:21:08,GJ0131_B,0
1302,2021-12-02T20:21:08,GJ3751_A,0
1304,2021-12-02T20:21:08,GA1501_T,14
1306,2021-12-02T20:21:08,GH2001_R,12
1308,2021-12-02T20:21:08,GL1351_C,9
1310,2021-12-02T20:21:08,GL1351_B,22
1312,2021-12-02T20:21:08,GL1351_A,15
1314,2021-12-02T20:21:08,GF210A_D,13
1316,2021-12-02T20:21:08,GF210A_C,8
1318,2021-12-02T20:21:08,GA4601_R,0
1320,2021-12-02T20:21:08,GH1021_T,3
1322,2021-12-02T20:21:08,GH1021_S,7
1324,2021-12-02T20:21:08,GH1021_R,6
1326,2021-12-02T20:21:08,GK037A_Q,35
1328,2021-12-02T20:21:08,GK037A_P,25
1330,2021-12-02T20:21:08,GG1551_D,6
1332,2021-12-02T20:21:08,GG1551_B,8
1334,2021-12-02T20:21:08,GG1551_A,4
1336,2021-12-02T20:21:08,GC1751_T,9
1338,2021-12-02T20:21:08,GL1691_S,14
1340,2021-12-02T20:21:08,GC1751_S,14
1342,2021-12-02T20:21:08,GL1691_R,18
1344,2021-12-02T20:21:08,GC1751_R,28
1346,2021-12-02T20:21:08,GC1751_P,7
1348,2021-12-02T20:21:08,GA2301_E,0
1350,2021-12-02T20:21:08,GA2301_C,0
1352,2021-12-02T20:21:08,GA2301_B,0
1354,2021-12-02T20:21:08,GA2301_A,0
1356,2021-12-02T20:21:08,GB1321_N,2
1358,2021-12-02T20:21:08,GB1321_M,12
1360,2021-12-02T20:21:08,GK070A_D,0
1362,2021-12-02T20:21:08,GK070A_C,0
1364,2021-12-02T20:21:08,GA5401_X,17
1366,2021-12-02T20:21:08,GA5401_V,41
1368,2021-12-02T20:21:08,GJ250B_T,0
1370,2021-12-02T20:21:08,GA5401_T,21
1372,2021-12-02T20:21:08,GG2351_V,11
1374,2021-12-02T20:21:08,GG2351_T,14
1376,2021-12-02T20:21:08,GG2351_S,21
1378,2021-12-02T20:21:08,GG2351_R,13
1380,2021-12-02T20:21:08,GH4551_K,0
1382,2021-12-02T20:21:08,GH4551_J,0
1384,2021-12-02T20:21:08,GA1321_C,12
1386,2021-12-02T20:21:08,GA1321_B,13
1388,2021-12-02T20:21:08,GD0671_B,30
1390,2021-12-02T20:21:08,GD0671_A,15
1392,2021-12-02T20:21:08,GJ3051_F,22
1394,2021-12-02T20:21:08,GC0251_W,0
1396,2021-12-02T20:21:08,GJ3051_E,10
1398,2021-12-02T20:21:08,GC0251_T,0
1400,2021-12-02T20:21:08,GJ3051_B,18
1402,2021-12-02T20:21:08,GL1501_A,0
1404,2021-12-02T20:21:08,GJ3051_A,6
1406,2021-12-02T20:21:08,GC0251_R,0
1408,2021-12-02T20:21:08,GL142B_B,15
1410,2021-12-02T20:21:08,GD2451_D,9
1412,2021-12-02T20:21:08,GA4851_V,14
1414,2021-12-02T20:21:08,GD2451_B,31
1416,2021-12-02T20:21:08,GD2451_A,28
1418,2021-12-02T20:21:08,GA4851_S,24
1420,2021-12-02T20:21:08,GA4851_R,6
1422,2021-12-02T20:21:08,GD0151_V,22
1424,2021-12-02T20:21:08,GD0151_S,16
1426,2021-12-02T20:21:08,GD0151_R,29
1428,2021-12-02T20:21:08,GB0251_T,18
1430,2021-12-02T20:21:08,GL0521_V,15
1432,2021-12-02T20:21:08,GB0251_S,18
1434,2021-12-02T20:21:08,GL0521_S,15
1436,2021-12-02T20:21:08,GL0521_R,12
1438,2021-12-02T20:21:08,GA2551_T,0
1440,2021-12-02T20:21:08,GA2551_S,0
1442,2021-12-02T20:21:08,GE1801_G,0
1444,2021-12-02T20:21:08,GE1801_F,0
1446,2021-12-02T20:21:08,GH3051_D,2
1448,2021-12-02T20:21:08,GH3051_C,12
1450,2021-12-02T20:21:08,GE1801_C,0
1452,2021-12-02T20:21:08,GK4601_T,18
1454,2021-12-02T20:21:08,GH3051_B,4
1456,2021-12-02T20:21:08,GH3051_A,7
1458,2021-12-02T20:21:08,GE1801_A,0
1460,2021-12-02T20:21:08,GA0251_E,0
1462,2021-12-02T20:21:08,GA0251_D,0
1464,2021-12-02T20:21:08,GA0251_C,0
1466,2021-12-02T20:21:08,GA0251_A,0
1468,2021-12-02T20:21:08,GJ2401_D,0
1470,2021-12-02T20:21:08,GJ2401_A,0
1472,2021-12-02T20:21:08,GA1571_T,15
1474,2021-12-02T20:21:08,GA1571_Q,13
1476,2021-12-02T20:21:08,GC237A_B,40
1478,2021-12-02T20:21:08,GC237A_A,42
1480,2021-12-02T20:21:08,GA1901_N,29
1482,2021-12-02T20:21:08,GA3351_A,0
1484,2021-12-02T20:21:08,GA1901_H,14
1486,2021-12-02T20:21:08,GA1901_F,9
1488,2021-12-02T20:21:08,GA1051_S,11
1490,2021-12-02T20:21:08,GA1901_B,1
1492,2021-12-02T20:21:08,GJ3201_V,0
1494,2021-12-02T20:21:08,GA1051_P,16
1496,2021-12-02T20:21:08,GJ3201_T,0
1498,2021-12-02T20:21:08,GJ3201_S,0
1500,2021-12-02T20:21:08,GJ3201_R,0
1502,2021-12-02T20:21:08,GE0301_V,16
1504,2021-12-02T20:21:08,GE0301_T,26
1506,2021-12-02T20:21:08,GE0301_S,8
1508,2021-12-02T20:21:08,GE0301_R,19
1510,2021-12-02T20:21:08,GD260A_B,0
1512,2021-12-02T20:21:08,GD260A_A,0
1514,2021-12-02T20:21:08,GD030A_S,23
1516,2021-12-02T20:21:08,GD030A_R,30
1518,2021-12-02T20:21:08,GH0101_B,12
1520,2021-12-02T20:21:08,GH0101_A,10
1522,2021-12-02T20:21:08,GA4151_V,0
1524,2021-12-02T20:21:08,GB0401_X,40
1526,2021-12-02T20:21:08,GB0401_V,18
1528,2021-12-02T20:21:08,GC4051_F,2
1530,2021-12-02T20:21:08,GC4051_D,4
1532,2021-12-02T20:21:08,GC4051_B,10
1534,2021-12-02T20:21:08,GB0401_R,0
1536,2021-12-02T20:21:08,GC4051_A,0
1538,2021-12-02T20:21:08,GH320A_B,5
1540,2021-12-02T20:21:08,GH320A_A,0
1542,2021-12-02T20:21:08,GA2701_D,0
1544,2021-12-02T20:21:08,GA2701_B,0
1546,2021-12-02T20:21:08,GA0401_T,4
1548,2021-12-02T20:21:08,GA0401_S,40
1550,2021-12-02T20:21:08,GA0401_R,2
1552,2021-12-02T20:21:08,GC120A_G,21
1554,2021-12-02T20:21:08,GA5471_D,29
1556,2021-12-02T20:21:08,GA5471_C,2
1558,2021-12-02T20:21:08,GA5471_B,18
1560,2021-12-02T20:21:08,GC1631_X,1
1562,2021-12-02T20:21:08,GC1631_W,2
1564,2021-12-02T20:21:08,GC1631_V,9
1566,2021-12-02T20:21:08,GJ0351_D,15
1568,2021-12-02T20:21:08,GH4521_E,0
1570,2021-12-02T20:21:08,GJ0351_C,9
1572,2021-12-02T20:21:08,GC1631_R,13
1574,2021-12-02T20:21:08,GJ0351_B,5
1576,2021-12-02T20:21:08,GJ0351_A,7
1578,2021-12-02T20:21:08,GK0251_V,28
1580,2021-12-02T20:21:08,GK0251_T,9
1582,2021-12-02T20:21:08,GK0251_R,18
1584,2021-12-02T20:21:08,GG2751_D,4
1586,2021-12-02T20:21:08,GG2751_B,10
1588,2021-12-02T20:21:08,GG2751_A,26
1590,2021-12-02T20:21:08,GG0021_C,5
1592,2021-12-02T20:21:08,GG0021_B,7
1594,2021-12-02T20:21:08,GB1201_E,35
1596,2021-12-02T20:21:08,GG0021_A,20
1598,2021-12-02T20:21:08,GL1901_T,3
1600,2021-12-02T20:21:08,GL1901_S,13
1602,2021-12-02T20:21:08,GB1201_A,19
1604,2021-12-02T20:21:08,GL1901_P,7
1606,2021-12-02T20:21:08,GE0551_S,0
1608,2021-12-02T20:21:08,GE0551_R,0
1610,2021-12-02T20:21:08,GA1201_H,0
1612,2021-12-02T20:21:08,GA1201_D,0
1614,2021-12-02T20:21:08,GA1201_C,0
1616,2021-12-02T20:21:08,GA1201_B,0
1618,2021-12-02T20:21:08,GD0551_X,3
1620,2021-12-02T20:21:08,GA1201_A,0
1622,2021-12-02T20:21:08,GD0551_W,4
1624,2021-12-02T20:21:08,GD0551_V,3
1626,2021-12-02T20:21:08,GD0551_S,12
1628,2021-12-02T20:21:08,GD0551_R,12
1630,2021-12-02T20:21:08,GB0651_V,9
1632,2021-12-02T20:21:08,GB0651_T,22
1634,2021-12-02T20:21:08,GB0651_R,21
1636,2021-12-02T20:21:08,GA2951_V,0
1638,2021-12-02T20:21:08,GA2951_T,0
1640,2021-12-02T20:21:08,GA2951_R,0
1642,2021-12-02T20:21:08,GK5131_C,0
1644,2021-12-02T20:21:08,GK5131_A,2
1646,2021-12-02T20:21:08,GK2371_X,2
1648,2021-12-02T20:21:08,GK2371_W,8
1650,2021-12-02T20:21:08,GH3451_N,5
1652,2021-12-02T20:21:08,GH3451_M,3
1654,2021-12-02T20:21:08,GK2371_T,18
1656,2021-12-02T20:21:08,GH3451_L,6
1658,2021-12-02T20:21:08,GH3451_K,18
1660,2021-12-02T20:21:08,GK2371_R,3
1662,2021-12-02T20:21:08,GL4151_C,3
1664,2021-12-02T20:21:08,GL4151_B,1
1666,2021-12-02T20:21:08,GA4301_D,0
1668,2021-12-02T20:21:08,GA4301_A,0
1670,2021-12-02T20:21:08,GJ0171_D,25
1672,2021-12-02T20:21:08,GG2571_W,5
1674,2021-12-02T20:21:08,GG2571_V,18
1676,2021-12-02T20:21:08,GJ0171_B,9
1678,2021-12-02T20:21:08,GJ0171_A,30
1680,2021-12-02T20:21:08,GG2571_S,18
1682,2021-12-02T20:21:08,GL0401_Y,0
1684,2021-12-02T20:21:08,GG2571_R,18
1686,2021-12-02T20:21:08,GA0651_D,35
1688,2021-12-02T20:21:08,GA0651_C,4
1690,2021-12-02T20:21:08,GL0401_V,17
1692,2021-12-02T20:21:08,GA0651_B,26
1694,2021-12-02T20:21:08,GA0651_A,5
1696,2021-12-02T20:21:08,GJ2801_D,35
1698,2021-12-02T20:21:08,GJ2801_C,14
1700,2021-12-02T20:21:08,GL0401_S,2
1702,2021-12-02T20:21:08,GL0401_R,18
1704,2021-12-02T20:21:08,GJ2801_B,18
1706,2021-12-02T20:21:08,GB145A_R,14
1708,2021-12-02T20:21:08,GA2001_C,0
1710,2021-12-02T20:21:08,GA2001_B,0
1712,2021-12-02T20:21:08,GD1351_Y,36
1714,2021-12-02T20:21:08,GD1351_U,9
1716,2021-12-02T20:21:08,GD1351_R,79
1718,2021-12-02T20:21:08,GD1351_Q,8
1720,2021-12-02T20:21:08,GG2051_W,7
1722,2021-12-02T20:21:08,GG2051_T,1
1724,2021-12-02T20:21:08,GG2051_S,13
1726,2021-12-02T20:21:08,GG2051_R,16
1728,2021-12-02T20:21:08,GK0401_D,36
1730,2021-12-02T20:21:08,GK0401_C,20
1732,2021-12-02T20:21:08,GK0401_B,9
1734,2021-12-02T20:21:08,GE2151_V,34
1736,2021-12-02T20:21:08,GE2151_T,20
1738,2021-12-02T20:21:08,GE2151_S,0
1740,2021-12-02T20:21:08,GF205A_V,8
1742,2021-12-02T20:21:08,GE2151_R,9
1744,2021-12-02T20:21:08,GA1451_S,0
1746,2021-12-02T20:21:08,GF205A_T,0
1748,2021-12-02T20:21:08,GA1451_R,0
1750,2021-12-02T20:21:08,GH050A_S,10
1752,2021-12-02T20:21:08,GH050A_R,0
1754,2021-12-02T20:21:08,GA1451_M,0
1756,2021-12-02T20:21:08,GD2151_S,17
1758,2021-12-02T20:21:08,GD2151_R,19
1760,2021-12-02T20:21:08,GD2151_P,9
1762,2021-12-02T20:21:08,GH3271_N,6
1764,2021-12-02T20:21:08,GH3271_M,7
1766,2021-12-02T20:21:08,GH3271_L,21
1768,2021-12-02T20:21:08,GH3271_K,9
1770,2021-12-02T20:21:08,GA4551_V,3
1772,2021-12-02T20:21:08,GA4551_T,18
1774,2021-12-02T20:21:08,GA4551_S,11
1776,2021-12-02T20:21:08,GH4502_H,0
1778,2021-12-02T20:21:08,GH4502_C,0
1780,2021-12-02T20:21:08,GA2251_V,0
1782,2021-12-02T20:21:08,GA2251_R,0
1784,2021-12-02T20:21:08,GA1361_C,5
1786,2021-12-02T20:21:08,GA1361_B,22
1788,2021-12-02T20:21:08,GG272A_S,16
1790,2021-12-02T20:21:08,GG272A_R,9
1792,2021-12-02T20:21:08,GC1601_T,8
1794,2021-12-02T20:21:08,GC1601_S,35
1796,2021-12-02T20:21:08,GC1601_R,16
1798,2021-12-02T20:21:08,GC1601_P,13
1800,2021-12-02T20:21:08,GB1271_D,35
1802,2021-12-02T20:21:08,GB1271_C,0
1804,2021-12-02T20:21:08,GB1271_B,9
1806,2021-12-02T20:21:08,GA5351_V,20
1808,2021-12-02T20:21:08,GA5351_T,42
1810,2021-12-02T20:21:08,GA5351_R,15
1812,2021-12-02T20:21:08,GE052A_B,22
1814,2021-12-02T20:21:08,GE052A_A,14
1816,2021-12-02T20:21:08,GD1501_A,23
1818,2021-12-02T20:21:08,GH2621_D,0
1820,2021-12-02T20:21:08,GH2621_C,0
1822,2021-12-02T20:21:08,GH2621_A,9
1824,2021-12-02T20:21:08,GB1601_B,7
1826,2021-12-02T20:21:08,GG220A_B,19
1828,2021-12-02T20:21:08,GB1601_A,10
1830,2021-12-02T20:21:08,GG220A_A,19
1832,2021-12-02T20:21:08,GL1451_H,13
1834,2021-12-02T20:21:08,GE2301_D,13
1836,2021-12-02T20:21:08,GE2301_C,20
1838,2021-12-02T20:21:08,GE2301_A,13
1840,2021-12-02T20:21:08,GA1601_A,17
1842,2021-12-02T20:21:08,GC2401_C,0
1844,2021-12-02T20:21:08,GC2401_B,0
1846,2021-12-02T20:21:08,GC2401_A,0
1848,2021-12-02T20:21:08,GK5101_D,9
1850,2021-12-02T20:21:08,GK5101_C,8
1852,2021-12-02T20:21:08,GA4371_C,20
1854,2021-12-02T20:21:08,GA4371_B,11
1856,2021-12-02T20:21:08,GF2201_H,1
1858,2021-12-02T20:21:08,GK5101_A,4
1860,2021-12-02T20:21:08,GA4371_A,4
1862,2021-12-02T20:21:08,GC0101_W,0
1864,2021-12-02T20:21:08,GF2201_G,9
1866,2021-12-02T20:21:08,GC0101_V,0
1868,2021-12-02T20:21:08,GF2201_F,10
1870,2021-12-02T20:21:08,GC0101_T,0
1872,2021-12-02T20:21:08,GF2201_D,16
1874,2021-12-02T20:21:08,GC0101_S,0
1876,2021-12-02T20:21:08,GF2201_C,22
1878,2021-12-02T20:21:08,GC0101_R,0
1880,2021-12-02T20:21:08,GJ0141_X,6
1882,2021-12-02T20:21:08,GC0101_L,0
1884,2021-12-02T20:21:08,GJ0141_V,32
1886,2021-12-02T20:21:08,GJ0141_T,23
1888,2021-12-02T20:21:08,GD2301_D,17
1890,2021-12-02T20:21:08,GD2301_C,10
1892,2021-12-02T20:21:08,GD2301_B,31
1894,2021-12-02T20:21:08,GD2301_A,14
1896,2021-12-02T20:21:08,GC185A_S,16
1898,2021-12-02T20:21:08,GC185A_R,23
1900,2021-12-02T20:21:08,GA4701_D,14
1902,2021-12-02T20:21:08,GA4701_C,4
1904,2021-12-02T20:21:08,GA4701_A,0
1906,2021-12-02T20:21:08,GG3001_C,9
1908,2021-12-02T20:21:08,GG3001_B,9
1910,2021-12-02T20:21:08,GG3001_A,9
1912,2021-12-02T20:21:08,GB0101_C,8
1914,2021-12-02T20:21:08,GB0101_B,0
1916,2021-12-02T20:21:08,GD310A_R,12
1918,2021-12-02T20:21:08,GA2401_D,33
1920,2021-12-02T20:21:08,GA2401_B,6
1922,2021-12-02T20:21:08,GA2401_A,0
1924,2021-12-02T20:21:08,GA5171_D,6
1926,2021-12-02T20:21:08,GA5171_B,22
1928,2021-12-02T20:21:08,GJ0051_D,0
1930,2021-12-02T20:21:08,GJ0051_C,10
1932,2021-12-02T20:21:08,GJ0051_B,9
1934,2021-12-02T20:21:08,GJ0051_A,8
1936,2021-12-02T20:21:08,GK0801_H,0
1938,2021-12-02T20:21:08,GK0801_G,0
1940,2021-12-02T20:21:08,GG2021_C,4
1942,2021-12-02T20:21:08,GG2021_B,0
1944,2021-12-02T20:21:08,GK0801_D,20
1946,2021-12-02T20:21:08,GG2021_A,8
1948,2021-12-02T20:21:08,GK0801_A,4
1950,2021-12-02T20:21:08,GH090A_V,0
1952,2021-12-02T20:21:08,GA5501_D,9
1954,2021-12-02T20:21:08,GA5501_C,19
1956,2021-12-02T20:21:08,GH090A_T,0
1958,2021-12-02T20:21:08,GA5501_B,4
1960,2021-12-02T20:21:08,GA5501_A,13
1962,2021-12-02T20:21:08,GG015A_B,15
1964,2021-12-02T20:21:08,GG015A_A,18
1966,2021-12-02T20:21:08,GD255A_S,21
1968,2021-12-02T20:21:08,GA1851_F,0
1970,2021-12-02T20:21:08,GD255A_R,35
1972,2021-12-02T20:21:08,GA1851_E,15
1974,2021-12-02T20:21:08,GA1851_C,4
1976,2021-12-02T20:21:08,GA1851_B,22
1978,2021-12-02T20:21:08,GI0051_C,0
1980,2021-12-02T20:21:08,GA1851_A,29
1982,2021-12-02T20:21:08,GI0051_B,0
1984,2021-12-02T20:21:08,GI0051_A,0
1986,2021-12-02T20:21:08,GA495A_B,0
1988,2021-12-02T20:21:08,GA495A_A,0
1990,2021-12-02T20:21:08,GA1331_V,8
1992,2021-12-02T20:21:08,GD025A_B,22
1994,2021-12-02T20:21:08,GD025A_A,0
1996,2021-12-02T20:21:08,GB0351_T,13
1998,2021-12-02T20:21:08,GB0351_S,35
2000,2021-12-02T20:21:08,GA2651_T,0
2002,2021-12-02T20:21:08,DD1701_C,0
2004,2021-12-02T20:21:08,GA2651_R,0
2006,2021-12-02T20:21:08,DD1701_B,0
2008,2021-12-02T20:21:08,DD1701_A,0
2010,2021-12-02T20:21:08,GE1901_G,3
2012,2021-12-02T20:21:08,GE1901_D,30
2014,2021-12-02T20:21:08,GE1901_C,11
2016,2021-12-02T20:21:08,GE1901_B,6
2018,2021-12-02T20:21:08,GA0351_F,0
2020,2021-12-02T20:21:08,GA0351_D,0
2022,2021-12-02T20:21:08,GA0351_C,0
2024,2021-12-02T20:21:08,GA0351_B,0
2026,2021-12-02T20:21:08,GA0351_A,0
2028,2021-12-02T20:21:08,GA5751_W,8
2030,2021-12-02T20:21:08,GA5751_T,1
2032,2021-12-02T20:21:08,GA5751_S,36
2034,2021-12-02T20:21:08,GA5751_R,14
2036,2021-12-02T20:21:08,GD237A_S,32
2038,2021-12-02T20:21:08,GD237A_R,14
2040,2021-12-02T20:21:08,GB1151_V,9
2042,2021-12-02T20:21:08,GL142A_A,16
2044,2021-12-02T20:21:08,GB1151_S,1
2046,2021-12-02T20:21:08,GG2601_W,0
2048,2021-12-02T20:21:08,GG2601_V,18
2050,2021-12-02T20:21:08,GG2601_T,8
2052,2021-12-02T20:21:08,GG2601_R,10
2054,2021-12-02T20:21:08,GG030A_S,28
2056,2021-12-02T20:21:08,GG030A_R,39
2058,2021-12-02T20:21:08,GJ011A_V,9
2060,2021-12-02T20:21:08,GA4771_V,5
2062,2021-12-02T20:21:08,GJ011A_T,0
2064,2021-12-02T20:21:08,GA4771_T,6
